"(0, 0)","['6.5', '7', '10', '6.5', '4.5', '6.5', '4', '8', '5', '11', '3.5', '4.5', '4.5', '4', '5', '6', '4', '4', '7', '8.5', '5', '7', '7.5', '4', '5', '3']","(0.9986501019683699, 0.0)"
"(0, 1)","['12', '12.5', '15']","(1.0, 0.0)"
"(0, 2)","['5.5', '3.5', '6.5', '6', '7.5', '7.5', '9', '9.5', '10', '6']","(0.99976737092096446, 0.0)"
"(0, 3)","['8.5', '9']","(1.0, 0.0)"
"(0, 4)","['5', '5', '8', '7', '6', '7', '5.5', '6']","(0.99999971334842808, 0.0)"
"(0, 5)","['4.5', '8.5', '6', '4.5']","(0.99999660232687526, 0.0)"
"(0, 6)","['8.5', '8', '4.5', '8.5', '6.5', '6', '5', '11', '7.5', '4.5', '10', '8.5', '5.5', '12', '5.5', '8', '5']","(0.99999660232687526, 0.0)"
"(0, 7)","['27', '32']","(1.0, 0.0)"
"(0, 8)","['4.5', '6', '6', '5', '6']","(0.99999660232687526, 0.0)"
"(0, 10)","['8', '7', '8', '9.5', '19', '13.5', '11.5']","(0.99999999999872013, 0.0)"
"(0, 11)","['20', '25.5', '23']","(1.0, 0.0)"
"(0, 12)","['9', '9.5', '9.5', '6.5']","(0.99999999995984001, 0.0)"
"(0, 14)","['13.5', '18.5']","(1.0, 0.0)"
"(0, 16)","['13', '11.5']","(1.0, 0.0)"
"(0, 17)",['14'],"(1.0, 0.0)"
"(0, 21)",['16'],"(1.0, 0.0)"
"(0, 22)","['10', '12']","(1.0, 0.0)"
"(0, 23)",['23.5'],"(1.0, 0.0)"
"(0, 24)",['21.5'],"(1.0, 0.0)"
"(0, 25)",['16.5'],"(1.0, 0.0)"
"(0, 26)",['11.5'],"(1.0, 0.0)"
"(0, 28)",['6'],"(0.9999999990134123, 1.9731754008489588e-09)"
"(0, 29)","['7.5', '9.5', '9']","(0.99999999999996814, 0.0)"
"(0, 32)",['12.5'],"(1.0, 0.0)"
"(0, 33)",['14'],"(1.0, 0.0)"
"(0, 38)","['11', '12.5', '14.5', '10', '10', '11.5', '9.5']","(1.0, 0.0)"
"(0, 39)",['13.5'],"(1.0, 0.0)"
"(0, 46)",['22.5'],"(1.0, 0.0)"
"(0, 49)",['32'],"(1.0, 0.0)"
"(0, 54)",['21.5'],"(1.0, 0.0)"
"(0, 64)",['31.5'],"(1.0, 0.0)"
"(0, 66)",['21'],"(1.0, 0.0)"
"(0, 74)",['41.5'],"(1.0, 0.0)"
"(0, 83)",['17.5'],"(1.0, 0.0)"
"(1, 0)","['12.5', '15.5', '15.5', '11.5', '10', '10']","(1.0, 0.0)"
"(1, 2)","['6', '6', '5']","(0.99999971334842808, 0.0)"
"(1, 3)","['5.5', '6.5']","(0.99999998101043752, 6.6613381477509392e-16)"
"(1, 6)","['14.5', '16', '16']","(1.0, 0.0)"
"(1, 10)","['14', '18', '13', '13']","(1.0, 0.0)"
"(1, 12)","['6.5', '8.5']","(0.99999999995984001, 0.0)"
"(1, 13)",['7.5'],"(0.99999999999996814, 6.3726801613483985e-14)"
"(1, 14)",['9'],"(1.0, 0.0)"
"(1, 16)","['7', '5.5', '4.5']","(0.99999660232687526, 0.0)"
"(1, 21)",['18.5'],"(1.0, 0.0)"
"(1, 24)","['17', '15']","(1.0, 0.0)"
"(1, 28)",['5'],"(0.99999971334842808, 5.7330314384707037e-07)"
"(1, 32)",['12.5'],"(1.0, 0.0)"
"(1, 33)",['13.5'],"(1.0, 0.0)"
"(1, 36)",['8'],"(0.99999999999999933, 1.3322676295501878e-15)"
"(1, 37)",['8'],"(0.99999999999999933, 1.3322676295501878e-15)"
"(1, 39)",['8'],"(0.99999999999999933, 1.3322676295501878e-15)"
"(1, 45)",['32'],"(1.0, 0.0)"
"(1, 46)",['32'],"(1.0, 0.0)"
"(1, 55)",['8'],"(0.99999999999999933, 1.3322676295501878e-15)"
"(1, 86)",['33'],"(1.0, 0.0)"
"(1, 88)",['29.5'],"(1.0, 0.0)"
"(2, 0)","['13', '7.5', '7', '17', '8', '6', '5', '5.5', '9.5', '8', '5', '11', '9.5', '8', '7.5', '5.5']","(0.99999971334842808, 0.0)"
"(2, 1)","['7', '4.5', '4.5', '10.5', '6.5']","(0.99999660232687526, 0.0)"
"(2, 2)","['6', '4', '4.5', '5', '4', '6.5', '6.5', '6', '4', '4', '7', '6']","(0.99996832875816688, 0.0)"
"(2, 3)",['8'],"(0.99999999999999933, 1.3322676295501878e-15)"
"(2, 4)","['8.5', '10', '6']","(0.9999999990134123, 0.0)"
"(2, 5)","['5.5', '7']","(0.99999998101043752, 6.6613381477509392e-16)"
"(2, 6)","['15.5', '10.5', '16', '12']","(1.0, 0.0)"
"(2, 8)","['8.5', '8.5', '6']","(0.9999999990134123, 0.0)"
"(2, 9)","['8', '7.5']","(0.99999999999996814, 0.0)"
"(2, 10)","['10.5', '15', '13']","(1.0, 0.0)"
"(2, 11)",['21'],"(1.0, 0.0)"
"(2, 12)","['9', '4', '4.5', '6.5', '8.5', '5.5', '6.5', '7', '8', '8.5', '5.5']","(0.99996832875816688, 0.0)"
"(2, 15)",['52'],"(1.0, 0.0)"
"(2, 16)","['8', '9.5']","(0.99999999999999933, 0.0)"
"(2, 22)",['18.5'],"(1.0, 0.0)"
"(2, 25)",['18'],"(1.0, 0.0)"
"(2, 26)",['22'],"(1.0, 0.0)"
"(2, 27)",['32.5'],"(1.0, 0.0)"
"(2, 29)",['11'],"(1.0, 0.0)"
"(2, 32)","['13', '12']","(1.0, 0.0)"
"(2, 35)","['82.5', '55']","(1.0, 0.0)"
"(2, 38)","['9', '11', '9.5', '9.5']","(1.0, 0.0)"
"(2, 39)",['9'],"(1.0, 0.0)"
"(2, 49)",['38.5'],"(1.0, 0.0)"
"(2, 61)","['24.5', '23.5']","(1.0, 0.0)"
"(2, 66)",['25'],"(1.0, 0.0)"
"(2, 73)",['28.5'],"(1.0, 0.0)"
"(3, 0)","['10.5', '8.5', '11', '10.5', '8.5']","(1.0, 0.0)"
"(3, 1)","['7', '5']","(0.99999971334842808, 1.6431300764452317e-13)"
"(3, 2)","['7.5', '9.5']","(0.99999999999996814, 0.0)"
"(3, 3)",['3'],"(0.9986501019683699, 0.0026997960632602069)"
"(3, 4)","['10.5', '12.5']","(1.0, 0.0)"
"(3, 5)",['9'],"(1.0, 0.0)"
"(3, 6)",['14'],"(1.0, 0.0)"
"(3, 15)",['52'],"(1.0, 0.0)"
"(3, 16)","['4', '5']","(0.99996832875816688, 2.0061350358702157e-09)"
"(3, 27)",['26'],"(1.0, 0.0)"
"(3, 38)",['8.5'],"(1.0, 0.0)"
"(3, 39)",['4'],"(0.99996832875816688, 6.3342483666239957e-05)"
"(3, 50)","['19', '20']","(1.0, 0.0)"
"(3, 66)",['21.5'],"(1.0, 0.0)"
"(3, 77)",['34'],"(1.0, 0.0)"
"(4, 0)","['7.5', '9', '3.5', '5', '6']","(0.99976737092096446, 0.0)"
"(4, 2)","['5', '7.5', '4.5', '4.5', '8', '7']","(0.99999660232687526, 0.0)"
"(4, 3)","['13', '12.5']","(1.0, 0.0)"
"(4, 4)","['4.5', '6.5']","(0.99999660232687526, 2.308842006470968e-11)"
"(4, 6)","['16.5', '14', '10']","(1.0, 0.0)"
"(4, 7)","['34', '2.5']","(0.99379033467422384, 7.7119886916277025e-05)"
"(4, 10)","['10.5', '8.5']","(1.0, 0.0)"
"(4, 12)","['5', '7.5', '5.5', '4.5', '4.5', '6', '8']","(0.99999660232687526, 0.0)"
"(4, 14)",['17'],"(1.0, 0.0)"
"(4, 22)",['20'],"(1.0, 0.0)"
"(4, 25)",['15.5'],"(1.0, 0.0)"
"(4, 26)",['17.5'],"(1.0, 0.0)"
"(4, 28)",['10'],"(1.0, 0.0)"
"(4, 29)",['13.5'],"(1.0, 0.0)"
"(4, 32)","['7', '7.5']","(0.99999999999872013, 0.0)"
"(4, 33)",['14.5'],"(1.0, 0.0)"
"(4, 35)",['64'],"(1.0, 0.0)"
"(5, 0)","['6.5', '5.5', '6']","(0.99999998101043752, 0.0)"
"(5, 2)","['9.5', '7.5', '10.5', '8.5', '7', '7.5', '9.5', '9.5']","(0.99999999999872013, 0.0)"
"(5, 5)",['3.5'],"(0.99976737092096446, 0.00046525815807108017)"
"(5, 6)","['11.5', '9.5', '10']","(1.0, 0.0)"
"(5, 7)",['33'],"(1.0, 0.0)"
"(5, 10)",['13.5'],"(1.0, 0.0)"
"(5, 11)",['16'],"(1.0, 0.0)"
"(5, 12)",['8.5'],"(1.0, 0.0)"
"(5, 16)",['8.5'],"(1.0, 0.0)"
"(5, 37)",['8'],"(0.99999999999999933, 1.3322676295501878e-15)"
"(6, 0)","['9.5', '7', '8', '5.5', '10.5', '7.5', '12', '6', '10.5', '10.5', '7.5', '9', '12.5', '10', '6', '12', '7.5']","(0.99999998101043752, 0.0)"
"(6, 1)","['14', '12']","(1.0, 0.0)"
"(6, 2)","['17.5', '13.5']","(1.0, 0.0)"
"(6, 4)","['11', '9', '5.5']","(0.99999998101043752, 0.0)"
"(6, 5)","['12', '8', '11']","(0.99999999999999933, 0.0)"
"(6, 6)","['4.5', '7.5', '4', '3.5', '5', '8.5', '5.5', '5.5', '17', '6.5', '5', '5.5', '3.5', '5', '6.5', '6', '3.5', '4.5', '4.5', '5.5', '5.5', '5', '4.5', '3', '5.5', '6', '7', '6', '5', '7.5', '5.5', '4.5', '5.5', '4', '4', '3.5', '5', '7', '6.5', '3.5', '6.5', '6.5', '4', '6.5', '5', '4.5', '3.5']","(0.9986501019683699, 0.0)"
"(6, 7)","['27', '27']","(1.0, 0.0)"
"(6, 8)","['15.5', '8', '14.5']","(0.99999999999999933, 0.0)"
"(6, 10)","['11', '11', '8.5', '8.5', '11.5', '10', '10.5', '9.5', '8']","(0.99999999999999933, 0.0)"
"(6, 11)","['9.5', '21']","(1.0, 0.0)"
"(6, 12)","['15.5', '14.5', '9', '13.5']","(1.0, 0.0)"
"(6, 16)","['15.5', '18', '13']","(1.0, 0.0)"
"(6, 17)",['25'],"(1.0, 0.0)"
"(6, 22)","['4.5', '7.5', '8']","(0.99999660232687526, 0.0)"
"(6, 24)","['24', '19']","(1.0, 0.0)"
"(6, 25)",['11'],"(1.0, 0.0)"
"(6, 28)","['14.5', '12', '10.5', '13.5', '14']","(1.0, 0.0)"
"(6, 32)","['7.5', '7.5']","(0.99999999999996814, 0.0)"
"(6, 45)",['21.5'],"(1.0, 0.0)"
"(6, 46)",['29.5'],"(1.0, 0.0)"
"(6, 62)","['18', '16.5']","(1.0, 0.0)"
"(7, 0)","['28.5', '25', '27.5', '25.5', '33.5']","(1.0, 0.0)"
"(7, 4)",['31'],"(1.0, 0.0)"
"(7, 6)",['30'],"(1.0, 0.0)"
"(7, 9)",['34'],"(1.0, 0.0)"
"(7, 10)",['30.5'],"(1.0, 0.0)"
"(7, 12)",['34.5'],"(1.0, 0.0)"
"(7, 14)",['34'],"(1.0, 0.0)"
"(7, 25)",['16.5'],"(1.0, 0.0)"
"(7, 31)",['30'],"(1.0, 0.0)"
"(7, 91)",['23.5'],"(1.0, 0.0)"
"(7, 94)",['29'],"(1.0, 0.0)"
"(8, 2)","['11', '8']","(0.99999999999999933, 0.0)"
"(8, 4)",['8.5'],"(1.0, 0.0)"
"(8, 6)","['6.5', '9.5', '11.5']","(0.99999999995984001, 0.0)"
"(8, 7)",['25.5'],"(1.0, 0.0)"
"(8, 8)",['3.5'],"(0.99976737092096446, 0.00046525815807108017)"
"(8, 9)","['5.5', '5', '4']","(0.99996832875816688, 6.3504757008558954e-14)"
"(8, 10)",['15.5'],"(1.0, 0.0)"
"(8, 16)",['10'],"(1.0, 0.0)"
"(8, 38)",['6.5'],"(0.99999999995984001, 8.031997289492665e-11)"
"(8, 59)",['30'],"(1.0, 0.0)"
"(9, 0)","['8', '8', '7']","(0.99999999999872013, 0.0)"
"(9, 1)",['7'],"(0.99999999999872013, 2.5597302055757609e-12)"
"(9, 2)","['5.5', '5']","(0.99999971334842808, 1.6431300764452317e-13)"
"(9, 4)","['10.5', '10']","(1.0, 0.0)"
"(9, 5)","['6', '26', '7']","(0.9999999990134123, 0.0)"
"(9, 6)",['9'],"(1.0, 0.0)"
"(9, 8)",['4'],"(0.99996832875816688, 6.3342483666239957e-05)"
"(9, 9)",['5'],"(0.99999971334842808, 5.7330314384707037e-07)"
"(9, 12)",['11'],"(1.0, 0.0)"
"(9, 14)","['10.5', '11.5']","(1.0, 0.0)"
"(9, 16)",['6'],"(0.9999999990134123, 1.9731754008489588e-09)"
"(9, 22)",['16.5'],"(1.0, 0.0)"
"(9, 29)",['12.5'],"(1.0, 0.0)"
"(9, 36)",['6.5'],"(0.99999999995984001, 8.031997289492665e-11)"
"(9, 38)","['4.5', '4.5']","(0.99999660232687526, 2.308842006470968e-11)"
"(9, 44)",['43'],"(1.0, 0.0)"
"(10, 0)","['10', '8', '9.5', '17.5', '12', '10.5', '7.5', '7', '7.5']","(0.99999999999872013, 0.0)"
"(10, 2)","['8.5', '14.5', '16', '15']","(1.0, 0.0)"
"(10, 3)",['19.5'],"(1.0, 0.0)"
"(10, 4)",['7'],"(0.99999999999872013, 2.5597302055757609e-12)"
"(10, 6)","['7.5', '9.5', '8.5', '14', '5', '7', '11.5', '14.5', '14', '8', '11', '7', '10.5']","(0.99999971334842808, 0.0)"
"(10, 10)","['8', '8.5', '5', '7.5', '4', '5.5', '4.5', '5.5', '4.5', '5.5', '6', '5.5', '7.5', '8.5', '5', '5', '4.5', '5.5', '7.5', '7', '5', '6', '7', '5', '8.5', '4', '6', '3.5', '5', '8.5', '6.5', '4.5', '4.5', '3.5', '5.5']","(0.99976737092096446, 0.0)"
"(10, 11)","['13', '4', '11', '8', '9.5']","(0.99996832875816688, 0.0)"
"(10, 12)","['7', '7.5', '4', '8.5']","(0.99996832875816688, 0.0)"
"(10, 14)",['21.5'],"(1.0, 0.0)"
"(10, 15)","['52', '52']","(1.0, 0.0)"
"(10, 19)","['7', '6.5', '5.5']","(0.99999998101043752, 0.0)"
"(10, 21)",['18.5'],"(1.0, 0.0)"
"(10, 22)","['11', '9', '13', '8.5', '9.5']","(1.0, 0.0)"
"(10, 32)","['8.5', '8', '6.5', '10.5']","(0.99999999995984001, 0.0)"
"(10, 88)",['21.5'],"(1.0, 0.0)"
"(10, 93)",['43'],"(1.0, 0.0)"
"(11, 0)",['11'],"(1.0, 0.0)"
"(11, 2)",['20'],"(1.0, 0.0)"
"(11, 11)","['7.5', '4', '7', '7.5', '3.5', '6.5']","(0.99976737092096446, 0.0)"
"(11, 22)",['6.5'],"(0.99999999995984001, 8.031997289492665e-11)"
"(11, 52)",['40'],"(1.0, 0.0)"
"(12, 0)","['8', '6', '9', '6.5', '10', '6.5', '7.5', '8.5', '6']","(0.9999999990134123, 0.0)"
"(12, 1)","['8.5', '11', '8']","(0.99999999999999933, 0.0)"
"(12, 2)","['9', '6.5', '8.5', '4', '9.5', '7']","(0.99996832875816688, 0.0)"
"(12, 4)","['6.5', '5', '11.5', '52', '5', '6.5']","(0.99999971334842808, 0.0)"
"(12, 5)","['7', '8.5']","(0.99999999999872013, 0.0)"
"(12, 6)","['9.5', '10', '12']","(1.0, 0.0)"
"(12, 7)","['26.5', '27', '29.5']","(1.0, 0.0)"
"(12, 8)",['8.5'],"(1.0, 0.0)"
"(12, 10)","['7.5', '10', '7', '8', '8', '4.5', '5', '7']","(0.99999660232687526, 0.0)"
"(12, 11)",['22'],"(1.0, 0.0)"
"(12, 12)","['6', '6', '3.5', '5', '5', '6', '6', '6', '5']","(0.99976737092096446, 0.0)"
"(12, 14)","['19.5', '16']","(1.0, 0.0)"
"(12, 17)",['22'],"(1.0, 0.0)"
"(12, 19)",['18'],"(1.0, 0.0)"
"(12, 22)",['15.5'],"(1.0, 0.0)"
"(12, 25)",['17.5'],"(1.0, 0.0)"
"(12, 29)",['19.5'],"(1.0, 0.0)"
"(12, 30)",['25'],"(1.0, 0.0)"
"(12, 33)",['13'],"(1.0, 0.0)"
"(12, 34)",['26'],"(1.0, 0.0)"
"(12, 35)",['50'],"(1.0, 0.0)"
"(12, 37)",['13'],"(1.0, 0.0)"
"(12, 38)","['11.5', '23']","(1.0, 0.0)"
"(12, 39)","['20.5', '12.5', '13']","(1.0, 0.0)"
"(12, 62)",['25.5'],"(1.0, 0.0)"
"(12, 65)",['35.5'],"(1.0, 0.0)"
"(12, 66)",['24.5'],"(1.0, 0.0)"
"(12, 74)",['40.5'],"(1.0, 0.0)"
"(12, 75)",['23.5'],"(1.0, 0.0)"
"(12, 82)",['44'],"(1.0, 0.0)"
"(13, 0)",['15.5'],"(1.0, 0.0)"
"(13, 2)",['9.5'],"(1.0, 0.0)"
"(13, 6)",['14.5'],"(1.0, 0.0)"
"(13, 9)",['6.5'],"(0.99999999995984001, 8.031997289492665e-11)"
"(13, 16)",['5.5'],"(0.99999998101043752, 3.7979124956066812e-08)"
"(13, 26)",['12'],"(1.0, 0.0)"
"(13, 29)",['25'],"(1.0, 0.0)"
"(13, 38)",['6.5'],"(0.99999999995984001, 8.031997289492665e-11)"
"(13, 51)",['19.5'],"(1.0, 0.0)"
"(13, 56)",['9'],"(1.0, 0.0)"
"(14, 2)","['14', '16.5']","(1.0, 0.0)"
"(14, 4)",['16.5'],"(1.0, 0.0)"
"(14, 6)",['23'],"(1.0, 0.0)"
"(14, 15)",['52'],"(1.0, 0.0)"
"(14, 16)",['12'],"(1.0, 0.0)"
"(14, 27)",['31'],"(1.0, 0.0)"
"(14, 33)",['8.5'],"(1.0, 0.0)"
"(14, 34)",['13'],"(1.0, 0.0)"
"(14, 37)",['6.5'],"(0.99999999995984001, 8.031997289492665e-11)"
"(14, 39)",['7'],"(0.99999999999872013, 2.5597302055757609e-12)"
"(15, 2)","['52', '52']","(1.0, 0.0)"
"(15, 5)",['52'],"(1.0, 0.0)"
"(15, 10)",['52'],"(1.0, 0.0)"
"(15, 12)","['52', '52']","(1.0, 0.0)"
"(15, 24)",['50.5'],"(1.0, 0.0)"
"(15, 29)",['44.5'],"(1.0, 0.0)"
"(15, 67)",['34.5'],"(1.0, 0.0)"
"(15, 75)",['36'],"(1.0, 0.0)"
"(15, 85)",['19'],"(1.0, 0.0)"
"(15, 89)",['53.5'],"(1.0, 0.0)"
"(15, 92)",['37'],"(1.0, 0.0)"
"(16, 0)",['12'],"(1.0, 0.0)"
"(16, 1)","['4', '3.5']","(0.99976737092096446, 1.0823257690084631e-07)"
"(16, 10)",['16'],"(1.0, 0.0)"
"(16, 12)","['12', '11.5']","(1.0, 0.0)"
"(16, 14)",['8.5'],"(1.0, 0.0)"
"(16, 21)",['19.5'],"(1.0, 0.0)"
"(16, 23)",['5'],"(0.99999971334842808, 5.7330314384707037e-07)"
"(16, 25)",['22.5'],"(1.0, 0.0)"
"(16, 28)",['6'],"(0.9999999990134123, 1.9731754008489588e-09)"
"(16, 38)",['5'],"(0.99999971334842808, 5.7330314384707037e-07)"
"(16, 55)",['10'],"(1.0, 0.0)"
"(16, 58)",['12.5'],"(1.0, 0.0)"
"(16, 60)",['25'],"(1.0, 0.0)"
"(16, 61)",['15'],"(1.0, 0.0)"
"(16, 63)",['22.5'],"(1.0, 0.0)"
"(16, 69)",['24'],"(1.0, 0.0)"
"(17, 18)",['7'],"(0.99999999999872013, 2.5597302055757609e-12)"
"(17, 41)",['41'],"(1.0, 0.0)"
"(17, 48)",['22'],"(1.0, 0.0)"
"(19, 10)","['11', '8']","(0.99999999999999933, 0.0)"
"(19, 11)","['6', '7.5', '5.5', '6']","(0.99999998101043752, 0.0)"
"(20, 21)",['20'],"(1.0, 0.0)"
"(21, 2)",['5.5'],"(0.99999998101043752, 3.7979124956066812e-08)"
"(21, 87)",['17'],"(1.0, 0.0)"
"(22, 0)",['9.5'],"(1.0, 0.0)"
"(22, 4)",['12'],"(1.0, 0.0)"
"(22, 6)","['6.5', '5', '13', '6.5', '8']","(0.99999971334842808, 0.0)"
"(22, 10)","['11.5', '4.5', '10']","(0.99999660232687526, 0.0)"
"(22, 22)",['2.5'],"(0.99379033467422384, 0.012419330651552318)"
"(22, 62)",['22'],"(1.0, 0.0)"
"(23, 0)",['11'],"(1.0, 0.0)"
"(23, 6)",['16'],"(1.0, 0.0)"
"(23, 10)",['15.5'],"(1.0, 0.0)"
"(23, 23)",['4'],"(0.99996832875816688, 6.3342483666239957e-05)"
"(23, 24)",['11'],"(1.0, 0.0)"
"(23, 37)",['5'],"(0.99999971334842808, 5.7330314384707037e-07)"
"(23, 40)",['10.5'],"(1.0, 0.0)"
"(23, 56)",['12'],"(1.0, 0.0)"
"(24, 6)",['17'],"(1.0, 0.0)"
"(24, 14)",['16.5'],"(1.0, 0.0)"
"(24, 24)","['9', '19.5']","(1.0, 0.0)"
"(24, 25)",['21'],"(1.0, 0.0)"
"(24, 26)","['5.5', '5', '6.5']","(0.99999971334842808, 0.0)"
"(24, 29)",['24.5'],"(1.0, 0.0)"
"(24, 45)",['35.5'],"(1.0, 0.0)"
"(24, 47)",['32'],"(1.0, 0.0)"
"(24, 50)","['15.5', '6']","(0.9999999990134123, 0.0)"
"(24, 52)",['25'],"(1.0, 0.0)"
"(24, 66)",['21.5'],"(1.0, 0.0)"
"(24, 81)",['37'],"(1.0, 0.0)"
"(25, 5)",['13.5'],"(1.0, 0.0)"
"(25, 6)",['13.5'],"(1.0, 0.0)"
"(25, 10)",['18.5'],"(1.0, 0.0)"
"(25, 29)","['3.5', '8', '9']","(0.99976737092096446, 2.517808184165915e-11)"
"(25, 62)",['9'],"(1.0, 0.0)"
"(25, 66)",['4.5'],"(0.99999660232687526, 6.7953462494774186e-06)"
"(28, 0)",['6.5'],"(0.99999999995984001, 8.031997289492665e-11)"
"(28, 2)",['3.5'],"(0.99976737092096446, 0.00046525815807108017)"
"(28, 8)",['3'],"(0.9986501019683699, 0.0026997960632602069)"
"(28, 13)",['7.5'],"(0.99999999999996814, 6.3726801613483985e-14)"
"(28, 14)",['17'],"(1.0, 0.0)"
"(28, 16)",['5'],"(0.99999971334842808, 5.7330314384707037e-07)"
"(28, 27)",['34'],"(1.0, 0.0)"
"(28, 74)",['32.5'],"(1.0, 0.0)"
"(28, 76)",['30.5'],"(1.0, 0.0)"
"(28, 87)",['28.5'],"(1.0, 0.0)"
"(29, 0)","['15.5', '11.5']","(1.0, 0.0)"
"(29, 2)",['25'],"(1.0, 0.0)"
"(29, 29)",['9'],"(1.0, 0.0)"
"(29, 62)",['9'],"(1.0, 0.0)"
"(30, 4)","['52', '13.5']","(1.0, 0.0)"
"(32, 6)","['6.5', '6.5', '6.5']","(0.99999999995984001, 0.0)"
"(32, 10)","['8.5', '6.5', '8.5', '5.5']","(0.99999998101043752, 0.0)"
"(32, 22)",['10.5'],"(1.0, 0.0)"
"(32, 32)","['3.5', '7.5']","(0.99976737092096446, 1.0823257690084631e-07)"
"(33, 0)",['14'],"(1.0, 0.0)"
"(33, 1)",['10.5'],"(1.0, 0.0)"
"(33, 10)",['23'],"(1.0, 0.0)"
"(33, 24)",['11.5'],"(1.0, 0.0)"
"(33, 38)",['10'],"(1.0, 0.0)"
"(34, 14)",['15'],"(1.0, 0.0)"
"(34, 43)",['8'],"(0.99999999999999933, 1.3322676295501878e-15)"
"(34, 54)",['7'],"(0.99999999999872013, 2.5597302055757609e-12)"
"(35, 35)","['32.5', '5.5', '6.5', '5.5', '6.5', '8', '10.5', '4', '5', '27', '17.5', '45', '5.5', '74.5', '35', '12.5', '52', '2.5', '19']","(0.99379033467422384, 0.0)"
"(36, 0)",['7.5'],"(0.99999999999996814, 6.3726801613483985e-14)"
"(36, 3)",['11'],"(1.0, 0.0)"
"(36, 5)","['5', '7.5']","(0.99999971334842808, 1.6431300764452317e-13)"
"(36, 6)",['10'],"(1.0, 0.0)"
"(36, 9)",['5.5'],"(0.99999998101043752, 3.7979124956066812e-08)"
"(36, 24)",['14'],"(1.0, 0.0)"
"(36, 70)",['55'],"(1.0, 0.0)"
"(37, 0)","['13', '9.5', '11', '11.5', '8']","(0.99999999999999933, 0.0)"
"(37, 2)","['11.5', '9']","(1.0, 0.0)"
"(37, 5)",['8.5'],"(1.0, 0.0)"
"(37, 6)",['7.5'],"(0.99999999999996814, 6.3726801613483985e-14)"
"(37, 7)",['26'],"(1.0, 0.0)"
"(37, 8)","['7', '7.5', '7.5']","(0.99999999999872013, 0.0)"
"(37, 9)",['6.5'],"(0.99999999995984001, 8.031997289492665e-11)"
"(37, 10)",['18.5'],"(1.0, 0.0)"
"(37, 12)",['12.5'],"(1.0, 0.0)"
"(37, 14)","['10', '9']","(1.0, 0.0)"
"(37, 16)",['7'],"(0.99999999999872013, 2.5597302055757609e-12)"
"(37, 20)",['16'],"(1.0, 0.0)"
"(37, 22)","['19', '15.5']","(1.0, 0.0)"
"(37, 24)","['11', '10', '10.5']","(1.0, 0.0)"
"(37, 25)",['24'],"(1.0, 0.0)"
"(37, 29)",['18.5'],"(1.0, 0.0)"
"(37, 37)",['4.5'],"(0.99999660232687526, 6.7953462494774186e-06)"
"(37, 38)","['5', '5.5', '7.5', '5', '5', '4', '6', '8']","(0.99996832875816688, 0.0)"
"(37, 48)",['29'],"(1.0, 0.0)"
"(37, 50)",['16'],"(1.0, 0.0)"
"(37, 56)","['15', '11']","(1.0, 0.0)"
"(37, 61)",['24'],"(1.0, 0.0)"
"(37, 63)",['22.5'],"(1.0, 0.0)"
"(37, 66)",['24'],"(1.0, 0.0)"
"(37, 90)",['9'],"(1.0, 0.0)"
"(38, 0)","['17', '9', '8.5', '9.5']","(1.0, 0.0)"
"(38, 1)","['8', '9.5']","(0.99999999999999933, 0.0)"
"(38, 2)","['6', '7', '6.5', '12', '9', '8']","(0.9999999990134123, 0.0)"
"(38, 3)","['5.5', '9.5', '6.5']","(0.99999998101043752, 0.0)"
"(38, 4)",['10.5'],"(1.0, 0.0)"
"(38, 5)","['9', '7.5', '7', '11']","(0.99999999999872013, 0.0)"
"(38, 6)","['16.5', '13', '13', '12']","(1.0, 0.0)"
"(38, 8)",['5'],"(0.99999971334842808, 5.7330314384707037e-07)"
"(38, 9)","['4.5', '6.5']","(0.99999660232687526, 2.308842006470968e-11)"
"(38, 10)","['16', '25.5', '22', '16.5', '20']","(1.0, 0.0)"
"(38, 12)","['22', '13', '13', '14.5']","(1.0, 0.0)"
"(38, 13)","['4', '6.5']","(0.99996832875816688, 2.0061350358702157e-09)"
"(38, 14)",['8.5'],"(1.0, 0.0)"
"(38, 22)",['17.5'],"(1.0, 0.0)"
"(38, 24)","['14', '25', '15']","(1.0, 0.0)"
"(38, 29)",['16.5'],"(1.0, 0.0)"
"(38, 33)",['9.5'],"(1.0, 0.0)"
"(38, 35)",['107.5'],"(1.0, 0.0)"
"(38, 37)",['5'],"(0.99999971334842808, 5.7330314384707037e-07)"
"(38, 38)","['5', '9']","(0.99999971334842808, 1.6431300764452317e-13)"
"(38, 42)",['8.5'],"(1.0, 0.0)"
"(38, 55)",['10'],"(1.0, 0.0)"
"(38, 62)",['20.5'],"(1.0, 0.0)"
"(38, 63)",['29.5'],"(1.0, 0.0)"
"(38, 72)",['42.5'],"(1.0, 0.0)"
"(38, 75)","['15.5', '13.5']","(1.0, 0.0)"
"(38, 87)",['23'],"(1.0, 0.0)"
"(38, 89)",['37'],"(1.0, 0.0)"
"(39, 0)","['21.5', '14']","(1.0, 0.0)"
"(39, 2)","['7.5', '9']","(0.99999999999996814, 0.0)"
"(39, 4)","['16.5', '12']","(1.0, 0.0)"
"(39, 9)",['8'],"(0.99999999999999933, 1.3322676295501878e-15)"
"(39, 10)",['22.5'],"(1.0, 0.0)"
"(39, 16)","['7', '6']","(0.9999999990134123, 0.0)"
"(39, 25)",['25.5'],"(1.0, 0.0)"
"(39, 28)",['11'],"(1.0, 0.0)"
"(39, 36)",['10.5'],"(1.0, 0.0)"
"(39, 55)",['7'],"(0.99999999999872013, 2.5597302055757609e-12)"
"(39, 75)",['15'],"(1.0, 0.0)"
"(39, 79)",['44.5'],"(1.0, 0.0)"
"(40, 16)",['16.5'],"(1.0, 0.0)"
"(40, 34)",['7'],"(0.99999999999872013, 2.5597302055757609e-12)"
"(41, 41)",['4'],"(0.99996832875816688, 6.3342483666239957e-05)"
"(42, 10)",['22'],"(1.0, 0.0)"
"(42, 43)",['12'],"(1.0, 0.0)"
"(43, 6)",['27'],"(1.0, 0.0)"
"(43, 39)",['13'],"(1.0, 0.0)"
"(50, 14)",['26'],"(1.0, 0.0)"
"(51, 26)",['21'],"(1.0, 0.0)"
"(53, 14)",['5'],"(0.99999971334842808, 5.7330314384707037e-07)"
"(53, 33)",['7'],"(0.99999999999872013, 2.5597302055757609e-12)"
"(53, 58)",['4.5'],"(0.99999660232687526, 6.7953462494774186e-06)"
"(55, 1)",['11.5'],"(1.0, 0.0)"
"(55, 6)",['23'],"(1.0, 0.0)"
"(55, 9)",['13'],"(1.0, 0.0)"
"(55, 12)",['16.5'],"(1.0, 0.0)"
"(55, 28)",['17.5'],"(1.0, 0.0)"
"(55, 56)",['28.5'],"(1.0, 0.0)"
"(56, 4)",['17.5'],"(1.0, 0.0)"
"(56, 34)",['8'],"(0.99999999999999933, 1.3322676295501878e-15)"
"(56, 35)",['16.5'],"(1.0, 0.0)"
"(56, 40)",['7.5'],"(0.99999999999996814, 6.3726801613483985e-14)"
"(56, 53)",['9.5'],"(1.0, 0.0)"
"(56, 57)",['8'],"(0.99999999999999933, 1.3322676295501878e-15)"
"(62, 0)",['14'],"(1.0, 0.0)"
"(62, 6)",['13'],"(1.0, 0.0)"
"(62, 60)",['25.5'],"(1.0, 0.0)"
"(66, 61)",['24'],"(1.0, 0.0)"
"(68, 69)",['15.5'],"(1.0, 0.0)"
"(71, 71)",['7'],"(0.99999999999872013, 2.5597302055757609e-12)"
"(74, 25)",['23'],"(1.0, 0.0)"
"(75, 63)",['8.5'],"(1.0, 0.0)"
"(75, 68)",['4'],"(0.99996832875816688, 6.3342483666239957e-05)"
"(78, 78)",['40'],"(1.0, 0.0)"
"(80, 0)",['33'],"(1.0, 0.0)"
"(83, 84)",['28'],"(1.0, 0.0)"
"(87, 88)",['8'],"(0.99999999999999933, 1.3322676295501878e-15)"
